alpha, P, Xmean, Xvar, Mmean, Mvar
0.000000, 430000.000000, 25364.705882, 0.000000, -1320215.367449, 1615699310431.881100
0.000000, 435000.000000, 25364.705882, 0.000000, 3888034.214322, 1877323015292.727300
0.000000, 440000.000000, 25364.705882, 0.000000, 9247183.049961, 1765430509059.702600
0.000000, 445000.000000, 25364.705882, 0.000000, 14526819.177672, 1956646333917.326400
0.000000, 450000.000000, 25364.705882, 0.000000, 20051778.784579, 1826701367200.431900
0.000000, 455000.000000, 25364.705882, 0.000000, 25194258.585671, 2067829798149.513200
0.000000, 460000.000000, 25364.705882, 0.000000, 30222050.999027, 1853811297658.237100
0.000000, 465000.000000, 25364.705882, 0.000000, 35298197.265255, 1940422962510.656000
0.000000, 470000.000000, 25364.705882, 0.000000, 40704911.409306, 1859627850950.497600
0.000000, 475000.000000, 25364.705882, 0.000000, 46000832.034582, 1820954098542.588100
0.000000, 480000.000000, 25364.705882, 0.000000, 51148851.501328, 1781972585627.037400
0.000000, 485000.000000, 25364.705882, 0.000000, 56445071.109496, 2394271262722.417500
0.000000, 490000.000000, 25364.705882, 0.000000, 61556183.444922, 1916196511993.241700
0.000000, 495000.000000, 25364.705882, 0.000000, 66867736.023521, 1933935798485.453600
0.000000, 500000.000000, 25364.705882, 0.000000, 72424342.433274, 1726657109031.219700
0.000000, 505000.000000, 25364.705882, 0.000000, 77554182.409247, 2082995692539.227100
0.000000, 510000.000000, 25364.705882, 0.000000, 83090346.028521, 1732413089195.968000
0.000000, 515000.000000, 25364.705882, 0.000000, 87794461.193916, 1882260044201.931900
0.000000, 520000.000000, 25364.705882, 0.000000, 93637867.392111, 1321190326320.008300
0.000000, 525000.000000, 25364.705882, 0.000000, 98709904.164094, 1688209548809.848400
0.000000, 530000.000000, 25364.705882, 0.000000, 104170583.260929, 1891600260669.575400
0.005000, 430000.000000, 25363.225645, 6007.437809, -1140222.965228, 1830783477248.805900
0.005000, 435000.000000, 25348.311747, 5567.098963, 4271106.188048, 1760508743126.355200
0.005000, 440000.000000, 25353.800732, 6728.960077, 9135399.678133, 1757187814684.080800
0.005000, 445000.000000, 25369.300949, 4724.205473, 14663396.853571, 2339565608406.465800
0.005000, 450000.000000, 25362.893540, 4706.169160, 19795415.467080, 2330788756179.139600
0.005000, 455000.000000, 25361.779297, 5849.060371, 24625166.105817, 2184551234891.089400
0.005000, 460000.000000, 25365.277927, 6049.220815, 30109253.299753, 1664543444219.391800
0.005000, 465000.000000, 25345.967026, 6007.828422, 35538828.115236, 1997095282712.019300
0.005000, 470000.000000, 25375.165669, 5096.785262, 40837359.200363, 1887989618163.142300
0.005000, 475000.000000, 25370.592942, 6045.212591, 45993448.356505, 2621517532935.175300
0.005000, 480000.000000, 25364.920082, 4105.068049, 51150520.362854, 1658067247419.359900
0.005000, 485000.000000, 25366.844672, 5670.797564, 56639132.567367, 2274551456206.385300
0.005000, 490000.000000, 25350.979703, 6028.430803, 61759540.018402, 2038607139497.799300
0.005000, 495000.000000, 25355.782173, 5575.574955, 67206456.432754, 2348576878364.606000
0.005000, 500000.000000, 25362.789573, 4827.050218, 72257928.432710, 1735401143712.537600
0.005000, 505000.000000, 25370.441776, 5225.157122, 77461751.149044, 1786340856414.154300
0.005000, 510000.000000, 25362.417650, 4516.772450, 82993644.285069, 2238028416508.401400
0.005000, 515000.000000, 25369.481964, 7147.173476, 88242953.485646, 2080884597566.849900
0.005000, 520000.000000, 25367.159718, 4484.634690, 93290340.633120, 2011723638729.147500
0.005000, 525000.000000, 25367.777725, 5713.054413, 98483376.325182, 2339520828836.191900
0.005000, 530000.000000, 25365.545235, 6321.895390, 103788168.893480, 2104259793117.078900
0.010000, 430000.000000, 25365.122580, 19731.795888, -1320543.971794, 1894929295367.887000
0.010000, 435000.000000, 25339.643973, 18367.203124, 4111437.573966, 1968252030621.983200
0.010000, 440000.000000, 25358.284042, 20498.612483, 9337565.789181, 2278037630628.487800
0.010000, 445000.000000, 25365.610380, 17862.765885, 14651067.332398, 2022312463441.986300
0.010000, 450000.000000, 25379.113535, 20595.007127, 19648052.239608, 2043633937975.963600
0.010000, 455000.000000, 25366.053476, 19724.032132, 25196802.458546, 1916097635687.380600
0.010000, 460000.000000, 25356.859045, 18164.387768, 30498501.711354, 2173320079368.567600
0.010000, 465000.000000, 25342.659314, 17702.102235, 35618791.332612, 1589692939923.579300
0.010000, 470000.000000, 25360.208154, 24200.004780, 40614058.906606, 1427955109952.805200
0.010000, 475000.000000, 25344.096859, 27689.786758, 46027320.413036, 1661442895149.588600
0.010000, 480000.000000, 25361.742348, 18097.224418, 51039233.422749, 1987485802500.784200
0.010000, 485000.000000, 25376.128496, 19392.938541, 56527296.070931, 1964598243060.272900
0.010000, 490000.000000, 25380.425521, 20635.418955, 61628863.836489, 1628474295287.139400
0.010000, 495000.000000, 25359.608990, 21070.719081, 66914051.693961, 2293195371307.731900
0.010000, 500000.000000, 25358.804143, 18377.399175, 72319940.981900, 2075442768268.576400
0.010000, 505000.000000, 25356.940397, 20319.695660, 77572240.276868, 2176970570588.266100
0.010000, 510000.000000, 25380.776007, 24929.939930, 82556814.978285, 1883334660264.027800
0.010000, 515000.000000, 25372.632223, 14579.857063, 87928807.187744, 1988169318922.657000
0.010000, 520000.000000, 25363.423202, 17790.821135, 93336019.695301, 1708950307905.194300
0.010000, 525000.000000, 25356.983372, 18206.976579, 98772507.612496, 1996908397163.534200
0.010000, 530000.000000, 25360.544608, 23060.070656, 104191350.091645, 2161811371725.857700
0.015000, 430000.000000, 25387.984008, 42092.986368, -1486854.402275, 2202694280220.278800
0.015000, 435000.000000, 25372.528269, 52827.994846, 4016565.529856, 1762575719105.851600
0.015000, 440000.000000, 25374.943609, 53422.833394, 9053741.405936, 1621018470335.429700
0.015000, 445000.000000, 25362.852572, 45546.817284, 14514215.339575, 2115883512417.134800
0.015000, 450000.000000, 25320.728293, 43701.886028, 19893803.018634, 2384785524037.846700
0.015000, 455000.000000, 25370.642810, 45581.069079, 25186844.325933, 1595844117894.163800
0.015000, 460000.000000, 25362.221469, 45993.298399, 30046093.730060, 2008190011756.549600
0.015000, 465000.000000, 25325.357786, 61445.478277, 35531024.445410, 2030702799866.340300
0.015000, 470000.000000, 25362.708332, 52489.959620, 40771273.847668, 1968313945826.228500
0.015000, 475000.000000, 25339.064800, 40102.413817, 45991867.992315, 1880422848728.167700
0.015000, 480000.000000, 25359.227612, 62666.521898, 51155344.299759, 1982916783877.037800
0.015000, 485000.000000, 25338.770249, 39392.514057, 56811343.526008, 1774777055598.903800
0.015000, 490000.000000, 25348.728260, 51642.481928, 61841074.942570, 2294808143963.986800
0.015000, 495000.000000, 25369.471949, 41617.803429, 66865163.073852, 1938841470225.203400
0.015000, 500000.000000, 25326.738721, 45402.735606, 72367088.217562, 2326607735274.721200
0.015000, 505000.000000, 25326.318527, 42632.232076, 77429549.115153, 1977730666040.381600
0.015000, 510000.000000, 25364.958598, 44351.116438, 82970592.078830, 1462713518228.724900
0.015000, 515000.000000, 25354.769825, 57909.758149, 87827741.136126, 1835539708932.268300
0.015000, 520000.000000, 25354.010327, 52467.617516, 93503205.878688, 2270020728907.376000
0.015000, 525000.000000, 25375.296007, 55829.209340, 98425189.444823, 2020309014369.014400
0.015000, 530000.000000, 25342.492690, 38000.768812, 103789939.978774, 2064154121337.089400
0.020000, 430000.000000, 25379.080566, 95383.735103, -1296234.421126, 1629547500673.948200
0.020000, 435000.000000, 25331.042393, 85165.390862, 3833939.980955, 2204098556441.356000
0.020000, 440000.000000, 25403.499107, 99834.319734, 9094797.768765, 1878988595893.172100
0.020000, 445000.000000, 25385.616375, 62258.322566, 14408326.699744, 2239751026362.308600
0.020000, 450000.000000, 25361.429632, 85008.319124, 19764580.826684, 2192900661207.250700
0.020000, 455000.000000, 25367.870878, 76416.823316, 25046180.320360, 1774977255107.403300
0.020000, 460000.000000, 25324.925328, 72360.225943, 30160385.838903, 1592244186057.943800
0.020000, 465000.000000, 25308.800218, 91909.648692, 35555393.657257, 2181269181207.451900
0.020000, 470000.000000, 25356.765804, 69183.709864, 40713852.682517, 2252856169713.545900
0.020000, 475000.000000, 25312.340715, 105837.856890, 45739608.415034, 2625206170819.164100
0.020000, 480000.000000, 25361.113755, 85864.861080, 51164677.446215, 2138218767352.095700
0.020000, 485000.000000, 25316.833142, 72050.120802, 56365789.105668, 1961895842567.315700
0.020000, 490000.000000, 25355.044099, 95985.654554, 61629736.492160, 1820390075836.240500
0.020000, 495000.000000, 25323.838872, 90175.685491, 67086219.485369, 2095137937881.772200
0.020000, 500000.000000, 25388.202403, 89899.951560, 72268408.578355, 1665670976646.726600
0.020000, 505000.000000, 25324.989331, 105919.252076, 77403972.033056, 1482583678913.461200
0.020000, 510000.000000, 25360.682095, 69532.861589, 82832373.977793, 2012089433135.211900
0.020000, 515000.000000, 25355.289777, 87123.058234, 88019771.797746, 2190383479567.397700
0.020000, 520000.000000, 25399.139614, 81416.464850, 93269410.898973, 2155845366795.340300
0.020000, 525000.000000, 25317.995406, 94495.194675, 98890715.683913, 2153624409494.072500
0.020000, 530000.000000, 25404.259290, 72266.566758, 103513489.468516, 1810711113938.777800
0.025000, 430000.000000, 25352.143004, 129362.201210, -1331722.277692, 2086474519473.549800
0.025000, 435000.000000, 25292.562521, 112188.919663, 4025769.734088, 2052634771914.330100
0.025000, 440000.000000, 25372.345397, 145872.800574, 9135158.733497, 2126661889994.165800
0.025000, 445000.000000, 25300.810180, 94307.074223, 14559586.394250, 1821929423021.135500
0.025000, 450000.000000, 25320.886611, 150805.840523, 19705609.843867, 2091142247607.015100
0.025000, 455000.000000, 25399.724721, 118493.178510, 25121324.392727, 1929027083786.669400
0.025000, 460000.000000, 25347.981982, 117641.342974, 30332543.529310, 2011400672037.163800
0.025000, 465000.000000, 25318.613834, 140037.336640, 35579809.634327, 2057674233556.806900
0.025000, 470000.000000, 25337.694617, 110329.233008, 40623865.650873, 1960220242592.071300
0.025000, 475000.000000, 25313.025897, 104959.875100, 45756212.445871, 1766341383915.938200
0.025000, 480000.000000, 25429.859725, 115724.150404, 50967662.000155, 1639022701491.991500
0.025000, 485000.000000, 25427.307199, 90451.537233, 56203738.411080, 2077237755824.507600
0.025000, 490000.000000, 25306.212843, 132791.722751, 61691185.591933, 2410231451569.170400
0.025000, 495000.000000, 25329.291708, 143381.112800, 66978515.528441, 2163688438980.058300
0.025000, 500000.000000, 25379.532382, 124760.672864, 72214201.503933, 1911994188975.706800
0.025000, 505000.000000, 25405.421172, 94901.099473, 77332320.332665, 2439316864841.613800
0.025000, 510000.000000, 25354.274888, 98999.743621, 82715774.095499, 2151629780727.121600
0.025000, 515000.000000, 25356.174776, 141186.623309, 88101735.084669, 1892423147512.320800
0.025000, 520000.000000, 25324.468920, 117292.456992, 93094813.677461, 2104199859731.087400
0.025000, 525000.000000, 25335.386944, 123671.095922, 98393086.757854, 2088718971282.595000
0.025000, 530000.000000, 25397.461555, 123490.253570, 103505265.378317, 1925347740887.188200
0.030000, 430000.000000, 25354.472543, 171825.764044, -1110999.320013, 2119949739351.610800
0.030000, 435000.000000, 25374.621022, 179089.324736, 3955100.689784, 1978269243964.723900
0.030000, 440000.000000, 25383.072838, 172248.287020, 9065702.597234, 1940019335312.143100
0.030000, 445000.000000, 25421.977310, 200537.189107, 14340611.311491, 2276463877845.383800
0.030000, 450000.000000, 25328.152595, 181915.788566, 19708992.161764, 1949154896541.603800
0.030000, 455000.000000, 25377.748214, 212164.999845, 25000561.062484, 1985094757443.086400
0.030000, 460000.000000, 25317.249832, 137805.199559, 30144723.200123, 1961669304385.174300
0.030000, 465000.000000, 25322.465194, 199721.492307, 35561424.067686, 2034155740553.230700
0.030000, 470000.000000, 25344.273962, 145090.463883, 40380180.500883, 1744302569620.207300
0.030000, 475000.000000, 25338.273485, 229218.424900, 45854947.550034, 2569389142321.941400
0.030000, 480000.000000, 25328.888244, 192576.189576, 51303465.066391, 1817836332963.211400
0.030000, 485000.000000, 25249.618537, 186742.635431, 56540336.068411, 2031241461627.077900
0.030000, 490000.000000, 25392.728405, 196605.173268, 61614589.959877, 2450623765716.961900
0.030000, 495000.000000, 25429.138992, 173349.926810, 66879809.839785, 2043446124485.121800
0.030000, 500000.000000, 25349.059158, 213879.023933, 72100890.275968, 1590012425129.858900
0.030000, 505000.000000, 25366.207046, 188829.389867, 77573183.907837, 2284228899078.367700
0.030000, 510000.000000, 25355.090505, 196007.594863, 82808482.687678, 1655827246163.223100
0.030000, 515000.000000, 25339.348312, 207429.993178, 87868148.817367, 2090628774008.533200
0.030000, 520000.000000, 25441.326057, 190022.981130, 93077637.091927, 1913350367669.600100
0.030000, 525000.000000, 25325.920124, 177390.656914, 98580948.700454, 1717420430933.152100
0.030000, 530000.000000, 25409.750293, 204571.251420, 103839896.498223, 1724392740247.153100
0.035000, 430000.000000, 25391.967918, 289260.051971, -1590942.325069, 2205096436929.589400
0.035000, 435000.000000, 25397.557972, 295710.531710, 3824456.187341, 1963512296308.515400
0.035000, 440000.000000, 25346.939734, 262645.743082, 9216517.644117, 1956829613906.585200
0.035000, 445000.000000, 25439.491932, 265956.472114, 14273077.830759, 2196817899686.179000
0.035000, 450000.000000, 25324.523854, 273981.815029, 19598520.432184, 1871020688485.475600
0.035000, 455000.000000, 25367.253499, 243017.362610, 24836515.839704, 1612259169200.745400
0.035000, 460000.000000, 25293.139407, 253842.226983, 30145889.760322, 1795088289899.641400
0.035000, 465000.000000, 25300.825730, 226314.314898, 35622472.138195, 2252461354125.534200
0.035000, 470000.000000, 25300.145586, 215211.398271, 40694586.945056, 2076141726543.657700
0.035000, 475000.000000, 25385.055191, 253285.968283, 45902081.516838, 1873857341874.944100
0.035000, 480000.000000, 25307.169148, 242663.878433, 51307545.246225, 1625234313301.892600
0.035000, 485000.000000, 25321.995209, 272955.648493, 56437338.011590, 1490992710277.272500
0.035000, 490000.000000, 25376.749417, 212284.398004, 61595705.675664, 2204953688122.284700
0.035000, 495000.000000, 25402.538123, 253869.418633, 66960676.500875, 1905014807324.943800
0.035000, 500000.000000, 25325.472550, 242038.329671, 72040748.831208, 2122670173001.920400
0.035000, 505000.000000, 25268.943669, 239849.104294, 77428753.869636, 1881248132356.991500
0.035000, 510000.000000, 25312.938859, 292644.167495, 82711258.423972, 1770854094485.410400
0.035000, 515000.000000, 25336.397749, 200583.963828, 88137887.246342, 1765572813888.223900
0.035000, 520000.000000, 25353.681294, 206173.050230, 92886089.611678, 1993274218647.736100
0.035000, 525000.000000, 25405.989117, 297219.485044, 98348697.574639, 1996451900374.593000
0.035000, 530000.000000, 25405.146741, 203495.565563, 103432247.758844, 2326839950683.492200
0.040000, 430000.000000, 25343.198183, 284526.406541, -1542201.829054, 2270889986690.868700
0.040000, 435000.000000, 25427.669584, 261857.611756, 3891693.947611, 2158967987826.101100
0.040000, 440000.000000, 25362.136670, 367337.082760, 9144869.985314, 2156995235053.835000
0.040000, 445000.000000, 25308.185468, 329285.725641, 14243416.977988, 2919432516093.581500
0.040000, 450000.000000, 25313.348981, 408018.057249, 19638290.603709, 1649700562358.304000
0.040000, 455000.000000, 25349.577081, 339073.842993, 24879266.937769, 2527518430534.772000
0.040000, 460000.000000, 25297.192322, 286310.868952, 29965260.501396, 2486879686941.856900
0.040000, 465000.000000, 25454.007131, 372455.012399, 35292838.904611, 2096166482067.518300
0.040000, 470000.000000, 25234.909425, 358663.875496, 40606045.124786, 2294521886823.255900
0.040000, 475000.000000, 25306.399003, 426930.896447, 45931095.504957, 2427723041723.585000
0.040000, 480000.000000, 25329.313879, 296307.488688, 50990132.999987, 2175118385611.070800
0.040000, 485000.000000, 25351.115026, 267283.902642, 56246962.299842, 2243097280825.192400
0.040000, 490000.000000, 25323.880023, 523811.895222, 61732383.912092, 2169817685092.798100
0.040000, 495000.000000, 25344.339533, 349635.824933, 66713832.876966, 1848311930191.870400
0.040000, 500000.000000, 25304.776365, 319210.616395, 72108330.074286, 1939128659448.321000
0.040000, 505000.000000, 25395.963061, 320524.292363, 77285133.288408, 2004306881637.074700
0.040000, 510000.000000, 25352.748703, 293625.160813, 82953143.737437, 2451380207597.451700
0.040000, 515000.000000, 25236.290998, 348524.752081, 88043022.019331, 1827682753714.783200
0.040000, 520000.000000, 25323.577665, 345039.963589, 93101514.875597, 2645019836475.888200
0.040000, 525000.000000, 25400.136373, 418600.689025, 98178365.108069, 1976434752379.419400
0.040000, 530000.000000, 25269.968161, 343217.777487, 103742230.649447, 2129443304751.039600
0.045000, 430000.000000, 25338.237814, 470171.379134, -1422138.566112, 2029684738537.427700
0.045000, 435000.000000, 25337.431897, 429813.820868, 3734019.210728, 1943222729826.738000
0.045000, 440000.000000, 25313.073677, 363225.517468, 9118964.539266, 2086806727079.290300
0.045000, 445000.000000, 25338.931579, 408153.594453, 14472291.713355, 1731011026401.322300
0.045000, 450000.000000, 25320.636904, 435722.408447, 19729833.245491, 1937195196342.707800
0.045000, 455000.000000, 25376.444000, 382571.542733, 24813441.917197, 2148463931850.173100
0.045000, 460000.000000, 25337.542418, 366901.790670, 30216338.430780, 2040339176857.859600
0.045000, 465000.000000, 25366.990169, 367755.611985, 35388428.957827, 2373031491443.378900
0.045000, 470000.000000, 25226.856103, 408782.793099, 40806866.737191, 2046883058635.918900
0.045000, 475000.000000, 25372.741707, 319833.110205, 45681324.138968, 1905751189995.837200
0.045000, 480000.000000, 25305.262528, 424718.553210, 51045240.116532, 2088940457927.492700
0.045000, 485000.000000, 25360.325471, 344416.329968, 56295300.106370, 2116098963054.162600
0.045000, 490000.000000, 25309.929835, 424015.057540, 61683711.444112, 2246662805851.501500
0.045000, 495000.000000, 25302.078534, 389057.604113, 67076747.183858, 2240807552326.515600
0.045000, 500000.000000, 25339.142157, 389895.182592, 72048945.303103, 1681003487269.100600
0.045000, 505000.000000, 25401.912808, 448101.668617, 77186438.345991, 2041496276666.536900
0.045000, 510000.000000, 25357.626700, 406808.146324, 82803635.395123, 2255988731190.440400
0.045000, 515000.000000, 25496.790162, 473884.793367, 87888090.519121, 2359237058274.556200
0.045000, 520000.000000, 25278.019817, 383272.239532, 93208832.157304, 2067118214529.007600
0.045000, 525000.000000, 25337.940168, 471262.004869, 98461265.146085, 2122856668866.807400
0.045000, 530000.000000, 25348.574990, 383680.431879, 103489916.546422, 2556311375097.820300
0.050000, 430000.000000, 25328.483575, 376247.616683, -1616335.913177, 1904292467658.141400
0.050000, 435000.000000, 25412.068255, 501600.875477, 3884927.405014, 2176034312606.572000
0.050000, 440000.000000, 25266.115926, 555539.886999, 9136404.450219, 2015694720598.455100
0.050000, 445000.000000, 25271.446750, 484201.590577, 14344901.617283, 2100531997200.641800
0.050000, 450000.000000, 25387.729152, 538561.405984, 19354807.041910, 2434632090666.473600
0.050000, 455000.000000, 25241.331997, 568609.468444, 24955245.367665, 1997159773131.836900
0.050000, 460000.000000, 25220.573156, 438743.111346, 30287730.172784, 1897791141200.050800
0.050000, 465000.000000, 25457.606754, 572009.463343, 35186874.494929, 1990164630335.648700
0.050000, 470000.000000, 25341.334670, 607345.000287, 40520031.815244, 2328222114452.995100
0.050000, 475000.000000, 25317.100004, 548114.129724, 45978551.995121, 1842325812538.505100
0.050000, 480000.000000, 25358.492242, 505460.394792, 50961269.803173, 1634260978041.003200
0.050000, 485000.000000, 25213.411814, 598869.457152, 56356338.718451, 2365571801693.769000
0.050000, 490000.000000, 25239.991225, 473715.039929, 61739133.932547, 2471269167321.925800
0.050000, 495000.000000, 25377.316727, 445177.754486, 67022671.930780, 2101038994636.603500
0.050000, 500000.000000, 25403.465967, 462323.918918, 71986718.076571, 2218862362818.567400
0.050000, 505000.000000, 25277.862411, 461347.047907, 77203912.090017, 2066027396921.793500
0.050000, 510000.000000, 25473.477343, 565037.028654, 82639012.162507, 2153557607367.225300
0.050000, 515000.000000, 25341.527804, 527690.988038, 87879889.864963, 2577817433393.972700
0.050000, 520000.000000, 25469.113721, 538409.805916, 92996236.131756, 1911043526819.302500
0.050000, 525000.000000, 25387.910759, 496365.593058, 98226006.744429, 2346686589196.627000
0.050000, 530000.000000, 25412.108365, 465085.306062, 103400400.137234, 2393204214787.638200
0.055000, 430000.000000, 25236.046898, 770981.650819, -1534296.654308, 2918444732602.908700
0.055000, 435000.000000, 25265.334236, 625422.665121, 3540314.724296, 1876907097432.209200
0.055000, 440000.000000, 25299.816488, 714006.611042, 8832515.886913, 1688741872869.871800
0.055000, 445000.000000, 25345.133438, 481465.921109, 14344122.870135, 2359910447104.227100
0.055000, 450000.000000, 25343.542504, 542544.923639, 19351815.637623, 1657633633282.991000
0.055000, 455000.000000, 25253.768105, 747357.793898, 24722670.654373, 1900073675610.248000
0.055000, 460000.000000, 25276.393749, 571968.194369, 29962056.554952, 1893632239630.238300
0.055000, 465000.000000, 25368.547609, 569614.134780, 35382412.256091, 1853149340988.585900
0.055000, 470000.000000, 25332.947690, 627900.135226, 40525320.704908, 2246370194090.540500
0.055000, 475000.000000, 25352.758110, 537003.879118, 45805144.149614, 2500527222704.005400
0.055000, 480000.000000, 25305.887317, 646176.407590, 51107286.807584, 1771482237928.416300
0.055000, 485000.000000, 25344.133740, 691172.066027, 56269003.892058, 2274694946068.122600
0.055000, 490000.000000, 25303.424624, 654494.148575, 61544952.275850, 2468576084291.039100
0.055000, 495000.000000, 25297.150940, 609142.672553, 66738210.738044, 1586082050660.941700
0.055000, 500000.000000, 25193.345053, 637029.519125, 72285787.414041, 1996474065582.461400
0.055000, 505000.000000, 25266.070189, 714927.927907, 77535634.042236, 1792642419521.289600
0.055000, 510000.000000, 25260.030037, 675531.365653, 82492227.337466, 2139430756357.003900
0.055000, 515000.000000, 25247.514059, 575011.476996, 87825248.709713, 1936407160498.937700
0.055000, 520000.000000, 25149.573917, 574331.209002, 93098391.565104, 1759293286441.769800
0.055000, 525000.000000, 25224.965914, 652208.059292, 98260533.539746, 2303404910029.965800
0.055000, 530000.000000, 25391.008519, 764986.895119, 103531378.963298, 2580578844457.623500
0.060000, 430000.000000, 25388.886175, 629922.350901, -1751777.976927, 1693719913726.147700
0.060000, 435000.000000, 25286.612859, 716274.262597, 3848858.780581, 1888139946177.958300
0.060000, 440000.000000, 25286.333740, 630156.975450, 8844992.328024, 2217664206359.575200
0.060000, 445000.000000, 25311.684220, 729334.568791, 13882557.238715, 2111537166667.100600
0.060000, 450000.000000, 25454.515473, 636044.244442, 19753857.528257, 2233902490906.412100
0.060000, 455000.000000, 25401.912784, 741221.635755, 24850089.651024, 2369106762430.586900
0.060000, 460000.000000, 25291.364481, 844741.697426, 30013188.782218, 1742740281035.566900
0.060000, 465000.000000, 25442.407482, 805720.152662, 35155961.069538, 2559535360808.245100
0.060000, 470000.000000, 25426.890064, 725386.308463, 40446727.671070, 2248668287775.431600
0.060000, 475000.000000, 25483.705702, 612843.480765, 45606367.426870, 2358608852456.971200
0.060000, 480000.000000, 25266.117515, 724336.984466, 51183298.591678, 2499688881248.827600
0.060000, 485000.000000, 25294.591750, 662906.616795, 56269478.768509, 2094021354684.063500
0.060000, 490000.000000, 25382.430394, 773642.625065, 61574067.337701, 2013267791359.296600
0.060000, 495000.000000, 25347.829652, 766994.664231, 67065773.326151, 1641604113125.103500
0.060000, 500000.000000, 25189.266634, 751042.452176, 71952156.537834, 3105814208241.357900
0.060000, 505000.000000, 25256.621950, 685361.894097, 77261260.204915, 1700901949658.874000
0.060000, 510000.000000, 25207.865989, 809433.120682, 82666918.615572, 2041995801755.245600
0.060000, 515000.000000, 25445.270311, 908410.420222, 87603554.053627, 2028688394717.034700
0.060000, 520000.000000, 25122.718847, 678666.725552, 93503786.979197, 2121410126890.691700
0.060000, 525000.000000, 25379.031837, 715768.093761, 98311861.410400, 1565763932470.876500
0.060000, 530000.000000, 25280.872506, 575632.505441, 103272908.989204, 2231907445916.562000
0.065000, 430000.000000, 25215.207462, 724879.380085, -1409275.512980, 1751692430726.419900
0.065000, 435000.000000, 25221.085279, 953790.976483, 3676174.791442, 2609133290418.080100
0.065000, 440000.000000, 25238.894583, 705769.834333, 8984546.298672, 1991329067469.521200
0.065000, 445000.000000, 25249.184401, 804232.607690, 14115935.179321, 1755912600955.043500
0.065000, 450000.000000, 25419.691625, 822974.700619, 19266042.795575, 2188308784858.461200
0.065000, 455000.000000, 25255.907295, 861792.415782, 24494282.153726, 1845686236974.230200
0.065000, 460000.000000, 25195.792954, 1120990.490549, 30091009.405964, 2653443435718.163100
0.065000, 465000.000000, 25247.096043, 899118.034931, 35392539.861040, 2682569547542.324200
0.065000, 470000.000000, 25241.204453, 1072178.210466, 40424289.201578, 2099437335821.455600
0.065000, 475000.000000, 25211.117622, 968075.922441, 45929205.218092, 2036009046777.162600
0.065000, 480000.000000, 25302.236708, 1145511.211976, 50985390.482566, 2418217958668.544400
0.065000, 485000.000000, 25294.692684, 892627.269762, 56489588.664012, 2439098719710.063500
0.065000, 490000.000000, 25326.987022, 774222.493712, 61845575.106406, 2486984917621.403300
0.065000, 495000.000000, 25499.064197, 868384.031246, 66432292.611704, 2723347403645.398900
0.065000, 500000.000000, 25290.239049, 1112222.937396, 71840063.384230, 2024632260634.103800
0.065000, 505000.000000, 25333.550414, 845496.241891, 77408699.363692, 1858336151799.194800
0.065000, 510000.000000, 25276.231226, 913976.924300, 82569206.645987, 1638897953896.150600
0.065000, 515000.000000, 25357.204922, 887470.928585, 87615566.467617, 1757075505667.040000
0.065000, 520000.000000, 25270.021765, 971018.341888, 93002509.501052, 2921428773588.418000
0.065000, 525000.000000, 25236.809667, 1142543.948351, 98238567.580834, 2107791235562.157200
0.065000, 530000.000000, 25292.535886, 604437.891705, 103575709.044530, 2019261581574.677700
0.070000, 430000.000000, 25300.250072, 941481.629404, -1793776.095844, 2444258533080.879400
0.070000, 435000.000000, 25232.029352, 847925.216819, 3843155.260632, 1656404090273.148700
0.070000, 440000.000000, 25153.591250, 1132906.388576, 9055726.644541, 2003575291967.930700
0.070000, 445000.000000, 25335.346868, 832868.824771, 14152405.571400, 1866218326555.619900
0.070000, 450000.000000, 25331.462918, 1132353.300393, 19486996.940434, 2414907670071.215800
0.070000, 455000.000000, 25233.965206, 1062427.505265, 24752398.369064, 2428053700545.964400
0.070000, 460000.000000, 25260.264550, 1011030.323535, 30027902.347049, 1916917543139.869600
0.070000, 465000.000000, 25259.452225, 1036908.452668, 35377387.186524, 1962403103674.019500
0.070000, 470000.000000, 25312.621312, 950170.088262, 40655692.374521, 3020853970512.799300
0.070000, 475000.000000, 25318.917842, 1080753.950113, 45806487.341902, 2265262049992.705100
0.070000, 480000.000000, 25387.797062, 972122.702403, 50990270.426351, 2097924178061.497800
0.070000, 485000.000000, 25164.936635, 742098.821273, 56551110.982716, 2136339180224.279800
0.070000, 490000.000000, 25242.729055, 950432.677855, 61556650.446498, 2376108545722.663100
0.070000, 495000.000000, 25399.516840, 1284149.703720, 66532197.190986, 2446197606286.656200
0.070000, 500000.000000, 25059.335696, 823310.595410, 72143710.725281, 1713098163810.825700
0.070000, 505000.000000, 25235.560949, 1177893.501713, 77481664.066923, 2323993678043.181200
0.070000, 510000.000000, 25271.609841, 1166830.833679, 82696792.299117, 1911822080467.365500
0.070000, 515000.000000, 25434.460887, 890221.533630, 87973362.753573, 1515664931811.991000
0.070000, 520000.000000, 25394.050277, 1213906.893681, 93104885.688199, 1924919279899.013900
0.070000, 525000.000000, 25263.469195, 952233.383770, 98354680.836393, 2126021871042.174300
0.070000, 530000.000000, 25353.859287, 1633539.036868, 103319201.948236, 2236273558269.722700
0.075000, 430000.000000, 25261.963980, 1307162.975355, -1680717.114595, 2657524113023.169900
0.075000, 435000.000000, 25275.079764, 1282928.704342, 3612873.436587, 2469385704160.806600
0.075000, 440000.000000, 25305.643961, 1041318.355227, 9040016.499781, 2110525302735.191900
0.075000, 445000.000000, 25293.845651, 1161508.248890, 14004613.661739, 1512119169967.679200
0.075000, 450000.000000, 25199.540447, 826863.186496, 19387554.966221, 3107478869356.440400
0.075000, 455000.000000, 25217.531340, 1059720.012670, 24699807.152237, 2472964730661.462400
0.075000, 460000.000000, 25462.707177, 1248872.644973, 29600177.166033, 1777807784322.397900
0.075000, 465000.000000, 25214.856748, 1130490.194164, 34946216.782648, 2359626521923.612800
0.075000, 470000.000000, 25071.528928, 1288334.507678, 40694354.985479, 2301656343004.831500
0.075000, 475000.000000, 25390.565773, 1160066.671467, 45722742.012630, 1747754855801.456500
0.075000, 480000.000000, 25102.894425, 888792.122160, 50905214.922922, 1571110757756.641400
0.075000, 485000.000000, 25227.733459, 964003.054571, 56251579.236178, 2027998184405.454300
0.075000, 490000.000000, 25137.446538, 990073.413400, 61475939.431726, 1915142639708.008800
0.075000, 495000.000000, 25329.889506, 906922.318499, 66672681.637759, 2498106647767.342300
0.075000, 500000.000000, 25502.027506, 1276005.131477, 71550346.444844, 2035906587072.494600
0.075000, 505000.000000, 25181.360359, 996248.272722, 77237062.189182, 1986774504311.433600
0.075000, 510000.000000, 25403.891352, 1276299.407678, 82463310.408889, 2304694660461.897900
0.075000, 515000.000000, 25505.743769, 1089355.106842, 87677505.175543, 1755861965232.830100
0.075000, 520000.000000, 25134.421555, 1318920.858364, 93044506.519368, 1974352539665.201900
0.075000, 525000.000000, 25205.357291, 819664.826497, 98379615.704322, 1878203705751.824700
0.075000, 530000.000000, 25411.754881, 1135478.877564, 103524683.531002, 1855109205268.958000
0.080000, 430000.000000, 25198.225926, 1524304.520827, -1405973.244041, 2234954334602.291500
0.080000, 435000.000000, 25222.854941, 1577999.390478, 3632817.851736, 2073594308855.416000
0.080000, 440000.000000, 25222.166902, 1178338.212616, 9001398.205542, 2101632018632.195800
0.080000, 445000.000000, 25433.605519, 1678315.156015, 13950852.320709, 2379483430942.862800
0.080000, 450000.000000, 25189.491032, 1708691.667290, 19517560.696106, 2340560514798.912600
0.080000, 455000.000000, 25306.228902, 1596630.689701, 24631427.450645, 1940932934127.362300
0.080000, 460000.000000, 25241.819812, 1416396.242161, 30006361.990140, 2347211926172.833500
0.080000, 465000.000000, 25287.904101, 1282481.596276, 35097198.199534, 2099527242607.428700
0.080000, 470000.000000, 25122.484006, 1412265.592704, 40346231.663165, 2122258805545.153100
0.080000, 475000.000000, 25228.632160, 1424790.913709, 45687672.026139, 2315025966899.038100
0.080000, 480000.000000, 25294.043173, 1067281.110974, 50904235.791051, 2202083990646.217300
0.080000, 485000.000000, 25244.354834, 1597647.669456, 56239714.156264, 2171150000507.044900
0.080000, 490000.000000, 25155.656943, 1385616.292801, 61584500.918062, 1985718607287.983200
0.080000, 495000.000000, 25256.118987, 1466965.831826, 66752932.958533, 2675600871976.379900
0.080000, 500000.000000, 25285.353785, 1517995.939167, 72012563.154921, 2238539636675.942900
0.080000, 505000.000000, 25081.383499, 1296647.913291, 77207872.133830, 1978570936878.153100
0.080000, 510000.000000, 25061.027608, 1523987.737933, 82536603.077514, 2552485768817.330600
0.080000, 515000.000000, 25312.774399, 1106492.358230, 87745872.020541, 1974295104281.771200
0.080000, 520000.000000, 25086.777597, 1271009.796759, 92954581.944907, 3224405265524.997100
0.080000, 525000.000000, 25068.153628, 1142757.037482, 98540510.776580, 2322504900873.710000
0.080000, 530000.000000, 25048.650709, 1697669.832177, 103316417.001925, 2184005313013.155300
0.085000, 430000.000000, 25080.527199, 1264097.918940, -1711041.250230, 1936211030281.375200
0.085000, 435000.000000, 25040.387585, 1444311.429795, 3740120.874878, 2549407273604.575200
0.085000, 440000.000000, 25120.537835, 1193701.480739, 9056035.646206, 2694063219675.039600
0.085000, 445000.000000, 25112.560192, 1536956.087535, 14318529.731974, 2064360213777.820300
0.085000, 450000.000000, 25251.109604, 1738833.178077, 19408381.030641, 2144389677513.727500
0.085000, 455000.000000, 25090.359175, 1580877.125468, 24738441.362742, 2133257234703.381300
0.085000, 460000.000000, 24970.799406, 1322764.218121, 30059734.344197, 1604155973837.395300
0.085000, 465000.000000, 25184.665957, 1468913.574888, 35080398.980927, 2620471644359.350100
0.085000, 470000.000000, 25147.647593, 1575477.741332, 40587601.356359, 1749798201520.552000
0.085000, 475000.000000, 25197.738297, 1704172.448641, 45829897.823914, 2082376082730.493700
0.085000, 480000.000000, 25240.141274, 1558567.261434, 50641236.302444, 2193723639605.581500
0.085000, 485000.000000, 25096.626222, 1842725.926083, 56381327.357494, 2064488588939.752200
0.085000, 490000.000000, 25414.671028, 1885278.374424, 61289071.269627, 1890979740822.342300
0.085000, 495000.000000, 25209.741525, 1573840.564205, 66837172.005816, 2020655161394.810100
0.085000, 500000.000000, 25040.543905, 1318620.814907, 72017661.879144, 2642516826795.595200
0.085000, 505000.000000, 25035.270137, 1491002.585472, 77294811.317691, 1993797367808.123800
0.085000, 510000.000000, 25348.629560, 1441143.353388, 82520846.450108, 2214831005229.465300
0.085000, 515000.000000, 25171.679128, 1543275.721237, 87759005.205662, 1933587149795.205600
0.085000, 520000.000000, 25068.749621, 1442655.786224, 93123265.165388, 2039167551698.931400
0.085000, 525000.000000, 24965.658966, 1569463.176465, 98338899.823347, 2627889366212.438000
0.085000, 530000.000000, 25383.284657, 1554461.557310, 103269064.193951, 1801372671172.771200
0.090000, 430000.000000, 25225.367362, 1541150.579378, -1709203.471132, 2025835730697.477800
0.090000, 435000.000000, 25497.308958, 1925462.004047, 3381857.879747, 2865591656331.486300
0.090000, 440000.000000, 25077.779541, 1236402.716283, 9134969.682667, 2061681168667.596900
0.090000, 445000.000000, 25169.622510, 1251824.962196, 14213852.056756, 2096985363853.256300
0.090000, 450000.000000, 25196.282651, 1549584.936882, 19604947.433439, 1723668015292.273700
0.090000, 455000.000000, 25249.531480, 1533803.654388, 24558792.590754, 1381794841414.675500
0.090000, 460000.000000, 25384.928502, 1799613.994030, 29793071.802167, 2505114990849.645000
0.090000, 465000.000000, 25538.522572, 1665573.835167, 34719746.955578, 1812956900913.557100
0.090000, 470000.000000, 25128.540154, 1717231.222681, 40194870.236967, 2367862195795.971700
0.090000, 475000.000000, 25221.323606, 1556057.350958, 45990146.013995, 2412254817369.108400
0.090000, 480000.000000, 25096.390158, 1328949.764692, 50975085.161592, 1887047346249.240000
0.090000, 485000.000000, 25359.485379, 1899273.678370, 56422030.227659, 2212667428843.237800
0.090000, 490000.000000, 25050.336554, 1623615.805101, 61718060.184165, 2056794246944.869400
0.090000, 495000.000000, 25320.733491, 2130200.939723, 66564166.799689, 1799634245235.955600
0.090000, 500000.000000, 25500.055355, 1671355.010628, 72036959.291720, 2122227354012.091600
0.090000, 505000.000000, 25139.496741, 2563063.388389, 77103620.624105, 2905759399178.257800
0.090000, 510000.000000, 25177.437482, 1892411.663351, 82587342.849369, 2311996539106.404800
0.090000, 515000.000000, 25474.730621, 1787817.168260, 87584273.870156, 2603298318780.103000
0.090000, 520000.000000, 25351.260817, 2007780.354040, 92840652.699318, 2166095496716.177700
0.090000, 525000.000000, 24979.735548, 1621413.336658, 98244362.432390, 2216458374982.690900
0.090000, 530000.000000, 25238.003095, 1697071.839036, 103598843.502105, 2316610085087.901900
0.095000, 430000.000000, 25259.558038, 1766637.045224, -1570088.265325, 2271679528899.955600
0.095000, 435000.000000, 25338.673186, 1643552.907465, 3739895.391452, 1566438993990.404300
0.095000, 440000.000000, 25109.953253, 1961411.460119, 8975553.019481, 1753749211934.037800
0.095000, 445000.000000, 25477.772318, 2104109.016100, 14019791.012372, 1568090856257.050500
0.095000, 450000.000000, 25365.813828, 1788704.685912, 19136390.345920, 2508893782488.749000
0.095000, 455000.000000, 25310.643431, 1652695.438796, 24809422.054903, 2334721901931.187500
0.095000, 460000.000000, 24964.310684, 1701699.667856, 30070562.509160, 2027379504965.185100
0.095000, 465000.000000, 25419.132723, 1964111.704783, 35021544.226274, 2207857542201.016600
0.095000, 470000.000000, 24951.225179, 1520108.400686, 40531068.170203, 1708456042845.781000
0.095000, 475000.000000, 25343.608676, 2193860.228340, 45201387.029725, 2702533182234.578100
0.095000, 480000.000000, 25104.413986, 2140614.883268, 51058589.797002, 2136306543086.582800
0.095000, 485000.000000, 25168.099734, 2174526.296881, 56020857.145933, 2199068979216.155800
0.095000, 490000.000000, 25121.802057, 2234583.209731, 61268337.555930, 1826421675317.580600
0.095000, 495000.000000, 25178.232753, 2389245.296541, 66717523.763986, 2139804904222.057900
0.095000, 500000.000000, 25203.394612, 1862672.470267, 71791906.206325, 2223189243253.710400
0.095000, 505000.000000, 24961.080399, 2022878.717469, 77326428.116094, 1777340519142.743400
0.095000, 510000.000000, 25225.729607, 2276640.939946, 82117951.461178, 1645661051527.620400
0.095000, 515000.000000, 25060.920960, 1657788.820198, 87822738.848019, 1797159851168.483200
0.095000, 520000.000000, 25111.810126, 1833659.769922, 93047413.117000, 2096575702180.650100
0.095000, 525000.000000, 25277.339630, 2049752.755602, 98141842.307558, 2642861829457.862800
0.095000, 530000.000000, 25077.508769, 2024969.728428, 103534267.758245, 2429233381516.261200
0.100000, 430000.000000, 25175.201826, 1836744.363146, -1668778.780986, 3125536827725.456500
0.100000, 435000.000000, 25249.080490, 1822034.398885, 3573870.890874, 2110110072055.477800
0.100000, 440000.000000, 25128.582271, 2305638.548624, 8749533.703607, 2354309044413.523400
0.100000, 445000.000000, 25174.590824, 1997685.819414, 14250569.084840, 1981121076949.798600
0.100000, 450000.000000, 25066.632503, 2197950.991034, 19321594.304697, 2286592985411.618700
0.100000, 455000.000000, 25304.302141, 2283914.914619, 24663706.698691, 2221063710545.783700
0.100000, 460000.000000, 25085.394012, 2182951.057921, 29939518.132482, 2284075276332.254900
0.100000, 465000.000000, 25150.140043, 1895548.734765, 35168052.961311, 2930660599638.127000
0.100000, 470000.000000, 24955.311082, 2267766.434028, 40422412.963002, 1586248785123.312700
0.100000, 475000.000000, 25160.814417, 2266634.659472, 45744696.234457, 1987306420948.925300
0.100000, 480000.000000, 25242.899259, 1871759.663887, 50944784.334046, 2496549033784.317400
0.100000, 485000.000000, 25364.032693, 1925589.839522, 56176579.657274, 2191185987339.425800
0.100000, 490000.000000, 25325.870900, 1652829.433133, 61311660.402039, 2239444005830.169900
0.100000, 495000.000000, 25121.584917, 2545721.190078, 66776932.485358, 2386093489909.325200
0.100000, 500000.000000, 25125.266875, 2102684.058250, 71931382.906348, 1943017254438.336900
0.100000, 505000.000000, 25661.214984, 2758934.089574, 77181199.984432, 2483919578698.542500
0.100000, 510000.000000, 25143.751736, 2039912.587010, 82506037.573698, 2684705648011.396500
0.100000, 515000.000000, 25203.352066, 2486432.779588, 87444533.597754, 2581506396534.254400
0.100000, 520000.000000, 25234.998875, 1708572.909876, 92850774.891421, 2013632090842.160400
0.100000, 525000.000000, 25097.012127, 1824383.456443, 98457311.200093, 1935599480219.133800
0.100000, 530000.000000, 25286.307219, 2128437.340595, 103488706.209928, 2350635098620.173800
